Workbook

Sheet GCA
A1: 0.051227187
A2: 0.13252449
A3: 0.18540794
A4: 0.15154554
A5: -0.054365417
A6: -0.023080105
A7: 0.070570729
A8: -0.079826575
A9: 0.046712056
A10: 0.073053273
A11: -0.13734522
A12: -0.047072955
... A30: 0.32302783

Sheet SCA
A1: 0 | B1: -0.05572446 | C1: 0.16173843 | D1: -0.0070484564 | E1: 0.041904542 | F1: -0.044385769 | G1: -0.063616811 | H1: -0.10946215 | I1: -0.078754402 | J1: 0.12488573 | K1: -0.031128709 | L1: 0.1899697 | M1: -0.030955536 | N1: -0.05418604 | O1: 0.041346305 | P1: -0.017663563 | Q1: 0.039729557 | R1: -0.024301628 | S1: -0.031253548 | T1: -0.050156433 | U1: 0.14479241 | V1: 0.022629883 | W1: -0.038748749 | X1: -0.065054216 | Y1: -0.083886556 | Z1: 0.088876637 | AA1: -0.14514951 | AB1: 0.03522615 | AC1: 0.011521859 | AD1: 0.28236344
A2: -0.05572446 | B2: 0 | C2: 0.0074715797 | D2: 0.11656157 | E2: -0.11200499 | F2: 0.099962687 | G2: -0.063471492 | H2: 0.052189038 | I2: -0.041002223 | J2: 0.080883787 | K2: -0.0010688439 | L2: -0.12405347 | M2: 0.087444234 | N2: 0.07626793 | O2: 0.036037641 | P2: -0.17461347 | Q2: -0.042092839 | R2: -0.13097482 | S2: 0.10455445 | T2: -0.0087374474 | U2: 0.084784183 | V2: -0.063267268 | W2: -0.003297863 | X2: -0.17459324 | Y2: 0.1482993 | Z2: -0.13521664 | AA2: 0.28789035 | AB2: -0.015710058 | AC2: -0.020056039 | AD2: 0.023740867
A3: 0.16173843 | B3: 0.0074715797 | C3: 0 | D3: 0.0063040506 | E3: 0.0083653268 | F3: 0.017421 | G3: -0.031610347 | H3: 0.027992636 | I3: -0.1567314 | J3: -0.056996158 | K3: -0.0078643268 | L3: 0.049725577 | M3: -0.1564596 | N3: -0.087747964 | O3: -0.060646312 | P3: -0.076471149 | Q3: -0.14618396 | R3: -0.052697375 | S3: -0.092853709 | T3: 0.033080944 | U3: 0.027353111 | V3: 0.24394179 | W3: 0.10669187 | X3: -0.067878165 | Y3: -0.011585569 | Z3: 0.023165929 | AA3: -0.0070217909 | AB3: 0.031923893 | AC3: 0.061058402 | AD3: 0.31051681
A4: -0.0070484564 | B4: 0.11656157 | C4: 0.0063040506 | D4: 0 | E4: -0.0084482211 | F4: 0.10091346 | G4: -0.10811687 | H4: 0.04290072 | I4: 0.04154175 | J4: -0.030214836 | K4: -0.037095314 | L4: 0.066967309 | M4: -0.066581727 | N4: -0.0060192886 | O4: -0.11562991 | P4: 0.0092132966 | Q4: 0.07822653 | R4: -0.036133469 | S4: 0.045747949 | T4: -0.10329895 | U4: 0.011622003 | V4: -0.12371687 | W4: 0.012121969 | X4: 0.15439757 | Y4: 0.086631914 | Z4: -0.073107504 | AA4: 0.0073493952 | AB4: 0.015609898 | AC4: 0.049723454 | AD4: 0.015084354
A5: 0.041904542 | B5: -0.11200499 | C5: 0.0083653268 | D5: -0.0084482211 | E5: 0 | F5: -0.08436867 | G5: -0.082758665 | H5: 0.1859862 | I5: 0.092546261 | J5: -0.07057559 | K5: 0.030290201 | L5: 0.086083852 | M5: -0.0047376289 | N5: 0.040102421 | O5: -0.069824772 | P5: -0.12436897 | Q5: 0.025517945 | R5: 0.027787696 | S5: 0.16156174 | T5: 0.018514452 | U5: 0.034840969 | V5: 0.0090744209 | W5: 0.041547031 | X5: -0.12485955 | Y5: 0.052052656 | Z5: -0.02197453 | AA5: -0.036908101 | AB5: 0.024315133 | AC5: 0.055536588 | AD5: -0.076266739
A6: -0.044385769 | B6: 0.099962687 | C6: 0.017421 | D6: 0.10091346 | E6: -0.08436867 | F6: 0 | G6: -0.043560992 | H6: 0.07528234 | I6: -0.034779111 | J6: -0.1109369 | K6: -0.058345616 | L6: -0.071051673 | M6: -0.11121694 | N6: 0.01813181 | O6: -0.092425548 | P6: 0.091124941 | Q6: 0.058913358 | R6: 0.13858222 | S6: 0.014236937 | T6: -0.15173084 | U6: -0.01959045 | V6: 0.07228571 | W6: 0.013663797 | X6: 0.074677284 | Y6: 0.021512557 | Z6: -0.09234058 | AA6: -0.041916789 | AB6: 0.022100993 | AC6: 0.1558058 | AD6: -0.06063031
A7: -0.063616811 | B7: -0.063471492 | C7: -0.031610347 | D7: -0.10811687 | E7: -0.082758665 | F7: -0.043560992 | G7: 0 | H7: -0.013124924 | I7: 0.1206198 | J7: 0.060628879 | K7: -0.11110755 | L7: 0.068983378 | M7: -0.015743036 | N7: 0.069780532 | O7: 0.06587629 | P7: 0.054811578 | Q7: -0.050989986 | R7: -0.15169332 | S7: 0.051613308 | T7: -0.050095111 | U7: 0.042672169 | V7: 0.082419507 | W7: -0.027384147 | X7: 0.088917823 | Y7: 0.021338759 | Z7: 0.15020699 | AA7: -0.067203693 | AB7: -0.085292482 | AC7: -0.0059812526 | AD7: 0.075768696
A8: -0.10946215 | B8: 0.052189038 | C8: 0.027992636 | D8: 0.04290072 | E8: 0.1859862 | F8: 0.07528234 | G8: -0.013124924 | H8: 0 | I8: -0.040402948 | J8: 0.078602816 | K8: -0.17898091 | L8: -0.067709813 | M8: -0.096704606 | N8: 0.054907368 | O8: -0.011142519 | P8: 0.12910713 | Q8: 0.0002657406 | R8: 0.027997863 | S8: 0.065707916 | T8: -0.011711603 | U8: -0.12356955 | V8: 0.029826932 | W8: -0.0063766906 | X8: -0.070069009 | Y8: 0.25472544 | Z8: -0.021831965 | AA8: 0.0020411186 | AB8: 0.070608279 | AC8: -0.18955735 | AD8: -0.10211449
A9: -0.078754402 | B9: -0.041002223 | C9: -0.1567314 | D9: 0.04154175 | E9: 0.092546261 | F9: -0.034779111 | G9: 0.1206198 | H9: -0.040402948 | I9: 0 | J9: 7.2429361e-05 | K9: -0.0016270925 | L9: -0.11793976 | M9: -0.036290239 | N9: 0.10602685 | O9: -0.047989206 | P9: -0.0073099238 | Q9: -0.15038471 | R9: 0.12323722 | S9: 0.097861119 | T9: 0.13384252 | U9: 0.054500962 | V9: -0.014054433 | W9: -0.033250578 | X9: -0.044798106 | Y9: -0.061651589 | Z9: -0.053910357 | AA9: 0.07875793 | AB9: -0.045335335 | AC9: 0.057335693 | AD9: -0.0027779978
A10: 0.12488573 | B10: 0.080883787 | C10: -0.056996158 | D10: -0.030214836 | E10: -0.07057559 | F10: -0.1109369 | G10: 0.060628879 | H10: 0.078602816 | I10: 7.2429361e-05 | J10: 0 | K10: 0.0011768969 | L10: -0.078962532 | M10: 0.12889108 | N10: 0.095274566 | O10: 0.071255862 | P10: -0.036929077 | Q10: 0.018268025 | R10: 0.10569216 | S10: 0.081195378 | T10: -0.025907219 | U10: -0.16604661 | V10: -0.095813588 | W10: -0.034508783 | X10: 0.015068401 | Y10: 0.003601629 | Z10: 0.028821227 | AA10: -0.042529233 | AB10: 0.048908153 | AC10: -0.021513184 | AD10: -0.13563428
A11: -0.031128709 | B11: -0.0010688439 | C11: -0.0078643268 | D11: -0.037095314 | E11: 0.030290201 | F11: -0.058345616 | G11: -0.11110755 | H11: -0.17898091 | I11: -0.0016270925 | J11: 0.0011768969 | K11: 0 | L11: -0.13740257 | M11: 0.24384452 | N11: -0.023907673 | O11: 0.095703011 | P11: 0.022201662 | Q11: -0.021368292 | R11: -0.089614712 | S11: -0.044678028 | T11: 0.029242601 | U11: 0.17833678 | V11: -0.017388093 | W11: 0.12545192 | X11: 0.033887504 | Y11: 0.032872059 | Z11: -0.20308705 | AA11: -0.0040617574 | AB11: 0.08220768 | AC11: 0.027229973 | AD11: 0.12361299
A12: 0.1899697 | B12: -0.12405347 | C12: 0.049725577 | D12: 0.066967309 | E12: 0.086083852 | F12: -0.071051673 | G12: 0.068983378 | H12: -0.067709813 | I12: -0.11793976 | J12: -0.078962532 | K12: -0.13740257 | L12: 0 | M12: 0.093858454 | N12: -0.086577327 | O12: -0.097199408 | P12: 0.14569529 | Q12: -0.016806819 | R12: 0.042683152 | S12: 0.086347677 | T12: 0.15121955 | U12: 0.035149342 | V12: 0.044126507 | W12: -0.067246934 | X12: 0.010518651 | Y12: -0.05156678 | Z12: 0.093561057 | AA12: -0.033653633 | AB12: -0.041674804 | AC12: -0.076328121 | AD12: -0.20450262
... A30: 0.28236344 | B30: 0.023740867 | C30: 0.31051681 | D30: 0.015084354 | E30: -0.076266739 | F30: -0.06063031 | G30: 0.075768696 | H30: -0.10211449 | I30: -0.0027779978 | J30: -0.13563428 | K30: 0.12361299 | L30: -0.20450262 | M30: -0.0082549824 | N30: -0.062847077 | O30: -0.066660023 | P30: 0.035331376 | Q30: -0.0024992176 | R30: -0.083743238 | S30: 0.022774887 | T30: -0.116101 | U30: -0.11484852 | V30: -0.048991633 | W30: -0.018339826 | X30: 0.009569438 | Y30: 0.007512743 | Z30: 0.13985005 | AA30: -0.13629445 | AB30: 0.075633275 | AC30: 0.057666034 | AD30: 0

Sheet G_matrix
A1: 1.0020752 | B1: 0.00018310547 | C1: 0.00030517578 | D1: 0.00018310547 | E1: 0.0021362305 | F1: 0.00079345703 | G1: 0.00048828125 | H1: 0.00030517578 | I1: 0.00042724609 | J1: 0.00042724609 | K1: 0.0020751953 | L1: 0.00012207031 | M1: 0.00048828125 | N1: 0.0012207031 | O1: 0.00079345703 | P1: 0.00024414062 | Q1: 0.0018920898 | R1: 0.00036621094 | S1: 0.00067138672 | T1: 0.0020751953 | U1: 0.00067138672 | V1: 0.00036621094 | W1: 0.00012207031 | X1: 0.00018310547 | Y1: 0.0010375977 | Z1: 0.00024414062 | AA1: 0.00067138672 | AB1: 0.00024414062 | AC1: 0.00054931641 | AD1: 0.00012207031
A2: 0.00018310547 | B2: 1.0004883 | C2: 0.0010375977 | D2: 0.00030517578 | E2: 0.00042724609 | F2: 0.00024414062 | G2: 0.00024414062 | H2: 0.00030517578 | I2: 0.00036621094 | J2: 0.0020141602 | K2: 0.0012207031 | L2: 0.00036621094 | M2: 0.00042724609 | N2: 0.00012207031 | O2: 0.0010986328 | P2: 0.00024414062 | Q2: 6.1035156e-05 | R2: 0.004699707 | S2: 0.00036621094 | T2: 0.00012207031 | U2: 0.00042724609 | V2: 0.00024414062 | W2: 6.1035156e-05 | X2: 0.00085449219 | Y2: 0.00079345703 | Z2: 0.00079345703 | AA2: 0.00012207031 | AB2: 0.00042724609 | AC2: 0.00061035156 | AD2: 0.00073242188
A3: 0.00030517578 | B3: 0.0010375977 | C3: 1.0001221 | D3: 0.00048828125 | E3: 0.00024414062 | F3: 0.001159668 | G3: 0.00012207031 | H3: 0.0010986328 | I3: 0.00030517578 | J3: 0.016784668 | K3: 6.1035156e-05 | L3: 0.00018310547 | M3: 0.0010986328 | N3: 0.00036621094 | O3: 0.00073242188 | P3: 0.00054931641 | Q3: 0.00091552734 | R3: 0.00067138672 | S3: 0.00030517578 | T3: 0.00048828125 | U3: 0.00018310547 | V3: 0.00054931641 | W3: 0.00061035156 | X3: 0.00018310547 | Y3: 0.0013427734 | Z3: 0.00036621094 | AA3: 0.00036621094 | AB3: 0.00073242188 | AC3: 0 | AD3: 0.00048828125
A4: 0.00018310547 | B4: 0.00030517578 | C4: 0.00048828125 | D4: 1.0020752 | E4: 0.00036621094 | F4: 0.00048828125 | G4: 0.00012207031 | H4: 0.00048828125 | I4: 0.00030517578 | J4: 0.00036621094 | K4: 0.00012207031 | L4: 0.0014038086 | M4: 0.00012207031 | N4: 0.00067138672 | O4: 0.0042724609 | P4: 0.00030517578 | Q4: 0.00024414062 | R4: 0.0013427734 | S4: 0.00042724609 | T4: 0.00030517578 | U4: 0.00036621094 | V4: 0.00054931641 | W4: 0.00061035156 | X4: 0.00036621094 | Y4: 0.0013427734 | Z4: 0.0013427734 | AA4: 0.00048828125 | AB4: 0.0010375977 | AC4: 0.00036621094 | AD4: 0.0013427734
A5: 0.0021362305 | B5: 0.00042724609 | C5: 0.00024414062 | D5: 0.00036621094 | E5: 1.0002441 | F5: 0.00024414062 | G5: 0.00018310547 | H5: 0.00018310547 | I5: 0.017578125 | J5: 0.00024414062 | K5: 0.00079345703 | L5: 0.00024414062 | M5: 0.0012207031 | N5: 0.0045166016 | O5: 0.00048828125 | P5: 0.0043334961 | Q5: 0.00061035156 | R5: 0.00030517578 | S5: 0.00054931641 | T5: 0.00018310547 | U5: 0.00061035156 | V5: 0.0043334961 | W5: 0.00036621094 | X5: 0.0017089844 | Y5: 0.00030517578 | Z5: 0.00018310547 | AA5: 0.00012207031 | AB5: 0.0052490234 | AC5: 0.0012207031 | AD5: 0.00036621094
A6: 0.00079345703 | B6: 0.00024414062 | C6: 0.001159668 | D6: 0.00048828125 | E6: 0.00024414062 | F6: 1.0004883 | G6: 0.00061035156 | H6: 0.00054931641 | I6: 0.00036621094 | J6: 0.00061035156 | K6: 0.00018310547 | L6: 0.0010375977 | M6: 0.015991211 | N6: 0.00024414062 | O6: 0.0018920898 | P6: 0.0014038086 | Q6: 0.016906738 | R6: 0.0013427734 | S6: 0.00036621094 | T6: 0.00061035156 | U6: 0.00018310547 | V6: 0.0014648438 | W6: 0.00036621094 | X6: 0.00073242188 | Y6: 0 | Z6: 0.00054931641 | AA6: 0.00024414062 | AB6: 0.00012207031 | AC6: 0.0042114258 | AD6: 0.00018310547
A7: 0.00048828125 | B7: 0.00024414062 | C7: 0.00012207031 | D7: 0.00012207031 | E7: 0.00018310547 | F7: 0.00061035156 | G7: 1 | H7: 0.00024414062 | I7: 0.0014648438 | J7: 0.00054931641 | K7: 0.00030517578 | L7: 0.00018310547 | M7: 6.1035156e-05 | N7: 0.00042724609 | O7: 0.00067138672 | P7: 0.0012207031 | Q7: 0.00054931641 | R7: 0.00036621094 | S7: 0.0014038086 | T7: 0.0014038086 | U7: 0.0010375977 | V7: 0.00036621094 | W7: 0.00018310547 | X7: 0.00030517578 | Y7: 6.1035156e-05 | Z7: 0.00012207031 | AA7: 0.00073242188 | AB7: 0.00054931641 | AC7: 0.00012207031 | AD7: 0.00036621094
A8: 0.00030517578 | B8: 0.00030517578 | C8: 0.0010986328 | D8: 0.00048828125 | E8: 0.00018310547 | F8: 0.00054931641 | G8: 0.00024414062 | H8: 1.0014648 | I8: 0.00036621094 | J8: 0.0018920898 | K8: 0.0014038086 | L8: 0.00061035156 | M8: 0 | N8: 0.001159668 | O8: 0.00061035156 | P8: 0.00024414062 | Q8: 6.1035156e-05 | R8: 0.00061035156 | S8: 0.00067138672 | T8: 0.00018310547 | U8: 0.00042724609 | V8: 0.00054931641 | W8: 0.00048828125 | X8: 0.00018310547 | Y8: 0.0012207031 | Z8: 0.00012207031 | AA8: 0.001953125 | AB8: 0.00018310547 | AC8: 0.00042724609 | AD8: 0.00036621094
A9: 0.00042724609 | B9: 0.00036621094 | C9: 0.00030517578 | D9: 0.00030517578 | E9: 0.017578125 | F9: 0.00036621094 | G9: 0.0014648438 | H9: 0.00036621094 | I9: 1.0006104 | J9: 0.00042724609 | K9: 0.00042724609 | L9: 0.00030517578 | M9: 0.0013427734 | N9: 0.00048828125 | O9: 0.0010986328 | P9: 0.0010986328 | Q9: 0.0012207031 | R9: 0.00067138672 | S9: 0.00048828125 | T9: 0.00054931641 | U9: 0.0012817383 | V9: 0.0041503906 | W9: 0.00079345703 | X9: 0.0010986328 | Y9: 6.1035156e-05 | Z9: 0.00048828125 | AA9: 0.00042724609 | AB9: 0.0012817383 | AC9: 0.00085449219 | AD9: 0.00067138672
A10: 0.00042724609 | B10: 0.0020141602 | C10: 0.016784668 | D10: 0.00036621094 | E10: 0.00024414062 | F10: 0.00061035156 | G10: 0.00054931641 | H10: 0.0018920898 | I10: 0.00042724609 | J10: 1 | K10: 0.015808105 | L10: 0.00036621094 | M10: 0.00061035156 | N10: 0.0009765625 | O10: 0.0031738281 | P10: 0.00030517578 | Q10: 0.00061035156 | R10: 0.0010375977 | S10: 0.00036621094 | T10: 6.1035156e-05 | U10: 0.00048828125 | V10: 0.00073242188 | W10: 0.0043945312 | X10: 0.00018310547 | Y10: 0.0017700195 | Z10: 0.00036621094 | AA10: 6.1035156e-05 | AB10: 0.00054931641 | AC10: 0.00012207031 | AD10: 0.0016479492
A11: 0.0020751953 | B11: 0.0012207031 | C11: 6.1035156e-05 | D11: 0.00012207031 | E11: 0.00079345703 | F11: 0.00018310547 | G11: 0.00030517578 | H11: 0.0014038086 | I11: 0.00042724609 | J11: 0.015808105 | K11: 1.0021973 | L11: 0.00018310547 | M11: 0.00036621094 | N11: 0.00048828125 | O11: 0.0010986328 | P11: 0.00061035156 | Q11: 0.00048828125 | R11: 0.0012207031 | S11: 0.00067138672 | T11: 0.00018310547 | U11: 0.00085449219 | V11: 0.0018310547 | W11: 0.0013427734 | X11: 0.00061035156 | Y11: 0.00012207031 | Z11: 0.001159668 | AA11: 0.00030517578 | AB11: 0.00048828125 | AC11: 0.00030517578 | AD11: 0.00067138672
A12: 0.00012207031 | B12: 0.00036621094 | C12: 0.00018310547 | D12: 0.0014038086 | E12: 0.00024414062 | F12: 0.0010375977 | G12: 0.00018310547 | H12: 0.00061035156 | I12: 0.00030517578 | J12: 0.00036621094 | K12: 0.00018310547 | L12: 1 | M12: 0.00024414062 | N12: 6.1035156e-05 | O12: 0.00073242188 | P12: 0.00030517578 | Q12: 0.00036621094 | R12: 0.0040893555 | S12: 0.0014038086 | T12: 0.00012207031 | U12: 0.00024414062 | V12: 0.00042724609 | W12: 0.00030517578 | X12: 0.0043334961 | Y12: 0.0010986328 | Z12: 0.00030517578 | AA12: 0.00030517578 | AB12: 6.1035156e-05 | AC12: 0.00024414062 | AD12: 0.00030517578
... A30: 0.00012207031 | B30: 0.00073242188 | C30: 0.00048828125 | D30: 0.0013427734 | E30: 0.00036621094 | F30: 0.00018310547 | G30: 0.00036621094 | H30: 0.00036621094 | I30: 0.00067138672 | J30: 0.0016479492 | K30: 0.00067138672 | L30: 0.00030517578 | M30: 0.00018310547 | N30: 0.00048828125 | O30: 0.0012817383 | P30: 0.00042724609 | Q30: 0.0015258789 | R30: 0.00054931641 | S30: 0.00024414062 | T30: 6.1035156e-05 | U30: 0.00030517578 | V30: 0.00012207031 | W30: 0 | X30: 0.00012207031 | Y30: 0.00030517578 | Z30: 0.00030517578 | AA30: 0.00067138672 | AB30: 0.0012207031 | AC30: 0.0010375977 | AD30: 1.0002441

Sheet Y Limits
A1: 0
B2: 0
C3: 0
D4: 0
E5: 0
F6: 0
G7: 0
H8: 0
I9: 0
J10: 0
K11: 0
L12: 0
M13: 0
N14: 0
O15: 0
P16: 0
Q17: 0
R18: 0
S19: 0
T20: 0
U21: 0
V22: 0
W23: 0
X24: 0
Y25: 0
Z26: 0
AA27: 0
AB28: 0
AC29: 0
AD30: 0

Sheet Output_Parents_p
A1: Parent_ID | B1: Contribution
A2: 1 | B2: 0.087164488
A3: 2 | B3: 0.16741701
A4: 3 | B4: 0.21183923
A5: 4 | B5: 0.0071323382
A6: 5 | B6: 3.2944886e-08
A7: 6 | B7: 4.5341998e-08
A8: 7 | B8: 1.5005612e-07
A9: 8 | B9: 8.3222499e-09
A10: 9 | B10: 0.022695016
A11: 10 | B11: 2.8577147e-08
A12: 11 | B12: 2.724817e-08
A13: 12 | B13: 1.9339324e-07
... A31: 30 | B31: 0.29786968

Sheet Output_Families_Y
A1: Parent1 | B1: Parent2 | C1: Proportion | D1: Num_Crosses | E1: As_Female (P1) | F1: As_Male (P1)
A2: 3 | B2: 30 | C2: 0.42141 | D2: 421 | E2: =IFERROR(ROUND(D2 * (VLOOKUP(A2, Operational_Plan_Simple!$A$2:$F$14, 6, FALSE)) / ((VLOOKUP(A2, Operational_Plan_Simple!$A$2:$F$14, 6, FALSE)) + (VLOOKUP(B2, Operational_Plan_Simple!$A$2:$F$14, 6, FALSE))), 0), ROUND(D2 * 0.5, 0)) -> 211 | F2: =D2 - E2 -> 210
A3: 2 | B3: 27 | C3: 0.33483 | D3: 335 | E3: =IFERROR(ROUND(D3 * (VLOOKUP(A3, Operational_Plan_Simple!$A$2:$F$14, 6, FALSE)) / ((VLOOKUP(A3, Operational_Plan_Simple!$A$2:$F$14, 6, FALSE)) + (VLOOKUP(B3, Operational_Plan_Simple!$A$2:$F$14, 6, FALSE))), 0), ROUND(D3 * 0.5, 0)) -> 168 | F3: =D3 - E3 -> 167
A4: 1 | B4: 30 | C4: 0.17433 | D4: 174 | E4: =IFERROR(ROUND(D4 * (VLOOKUP(A4, Operational_Plan_Simple!$A$2:$F$14, 6, FALSE)) / ((VLOOKUP(A4, Operational_Plan_Simple!$A$2:$F$14, 6, FALSE)) + (VLOOKUP(B4, Operational_Plan_Simple!$A$2:$F$14, 6, FALSE))), 0), ROUND(D4 * 0.5, 0)) -> 87 | F4: =D4 - E4 -> 87
A5: 9 | B5: 20 | C5: 0.04539 | D5: 45 | E5: =IFERROR(ROUND(D5 * (VLOOKUP(A5, Operational_Plan_Simple!$A$2:$F$14, 6, FALSE)) / ((VLOOKUP(A5, Operational_Plan_Simple!$A$2:$F$14, 6, FALSE)) + (VLOOKUP(B5, Operational_Plan_Simple!$A$2:$F$14, 6, FALSE))), 0), ROUND(D5 * 0.5, 0)) -> 23 | F5: =D5 - E5 -> 22
A6: 4 | B6: 24 | C6: 0.01426 | D6: 14 | E6: =IFERROR(ROUND(D6 * (VLOOKUP(A6, Operational_Plan_Simple!$A$2:$F$14, 6, FALSE)) / ((VLOOKUP(A6, Operational_Plan_Simple!$A$2:$F$14, 6, FALSE)) + (VLOOKUP(B6, Operational_Plan_Simple!$A$2:$F$14, 6, FALSE))), 0), ROUND(D6 * 0.5, 0)) -> 7 | F6: =D6 - E6 -> 7
A7: 23 | B7: 27 | C7: 0.00666 | D7: 7 | E7: =IFERROR(ROUND(D7 * (VLOOKUP(A7, Operational_Plan_Simple!$A$2:$F$14, 6, FALSE)) / ((VLOOKUP(A7, Operational_Plan_Simple!$A$2:$F$14, 6, FALSE)) + (VLOOKUP(B7, Operational_Plan_Simple!$A$2:$F$14, 6, FALSE))), 0), ROUND(D7 * 0.5, 0)) -> 4 | F7: =D7 - E7 -> 3
A8: 3 | B8: 22 | C8: 0.00227 | D8: 2 | E8: =IFERROR(ROUND(D8 * (VLOOKUP(A8, Operational_Plan_Simple!$A$2:$F$14, 6, FALSE)) / ((VLOOKUP(A8, Operational_Plan_Simple!$A$2:$F$14, 6, FALSE)) + (VLOOKUP(B8, Operational_Plan_Simple!$A$2:$F$14, 6, FALSE))), 0), ROUND(D8 * 0.5, 0)) -> 1 | F8: =D8 - E8 -> 1
A9: 18 | B9: 19 | C9: 0.00084 | D9: 1 | E9: =IFERROR(ROUND(D9 * (VLOOKUP(A9, Operational_Plan_Simple!$A$2:$F$14, 6, FALSE)) / ((VLOOKUP(A9, Operational_Plan_Simple!$A$2:$F$14, 6, FALSE)) + (VLOOKUP(B9, Operational_Plan_Simple!$A$2:$F$14, 6, FALSE))), 0), ROUND(D9 * 0.5, 0)) -> 1 | F9: =D9 - E9 -> 0
A10: 4 | B10: 6 | C10: 0 | D10: 0 | E10: =IFERROR(ROUND(D10 * (VLOOKUP(A10, Operational_Plan_Simple!$A$2:$F$14, 6, FALSE)) / ((VLOOKUP(A10, Operational_Plan_Simple!$A$2:$F$14, 6, FALSE)) + (VLOOKUP(B10, Operational_Plan_Simple!$A$2:$F$14, 6, FALSE))), 0), ROUND(D10 * 0.5, 0)) -> 0 | F10: =D10 - E10 -> 0
A11: 4 | B11: 17 | C11: 0 | D11: 0 | E11: =IFERROR(ROUND(D11 * (VLOOKUP(A11, Operational_Plan_Simple!$A$2:$F$14, 6, FALSE)) / ((VLOOKUP(A11, Operational_Plan_Simple!$A$2:$F$14, 6, FALSE)) + (VLOOKUP(B11, Operational_Plan_Simple!$A$2:$F$14, 6, FALSE))), 0), ROUND(D11 * 0.5, 0)) -> 0 | F11: =D11 - E11 -> 0
A12: 5 | B12: 19 | C12: 0 | D12: 0 | E12: =IFERROR(ROUND(D12 * (VLOOKUP(A12, Operational_Plan_Simple!$A$2:$F$14, 6, FALSE)) / ((VLOOKUP(A12, Operational_Plan_Simple!$A$2:$F$14, 6, FALSE)) + (VLOOKUP(B12, Operational_Plan_Simple!$A$2:$F$14, 6, FALSE))), 0), ROUND(D12 * 0.5, 0)) -> 0 | F12: =D12 - E12 -> 0
A13: 7 | B13: 9 | C13: 0 | D13: 0 | E13: =IFERROR(ROUND(D13 * (VLOOKUP(A13, Operational_Plan_Simple!$A$2:$F$14, 6, FALSE)) / ((VLOOKUP(A13, Operational_Plan_Simple!$A$2:$F$14, 6, FALSE)) + (VLOOKUP(B13, Operational_Plan_Simple!$A$2:$F$14, 6, FALSE))), 0), ROUND(D13 * 0.5, 0)) -> 0 | F13: =D13 - E13 -> 0
... A17: 12 | B17: 20 | C17: 0 | D17: 0 | E17: =IFERROR(ROUND(D17 * (VLOOKUP(A17, Operational_Plan_Simple!$A$2:$F$14, 6, FALSE)) / ((VLOOKUP(A17, Operational_Plan_Simple!$A$2:$F$14, 6, FALSE)) + (VLOOKUP(B17, Operational_Plan_Simple!$A$2:$F$14, 6, FALSE))), 0), ROUND(D17 * 0.5, 0)) -> 0 | F17: =D17 - E17 -> 0
A18: TOTAL | D18: =SUM(D2:D17) -> 999 | E18: =SUM(E2:E17) -> 502 | F18: =SUM(F2:F17) -> 497

Sheet Operational_Plan_Simple
A1: Clone ID | B1: Optimized Total (p) | C1: Target Female (f) | D1: Required Male (m) | E1: Status | F1: Femaleness_Index (Helper)
A2: 1 | B2: 0.08716 | C2: 0.08716 | D2: =2*B2 - C2 -> 0.08716 | E2: =IF(OR(D2 < -0.000001, C2 < -0.000001), "IMPOSSIBLE", "OK") -> OK | F2: =IFERROR(C2 / (2*B2), 0.5) -> 0.5
A3: 2 | B3: 0.16742 | C3: 0.16742 | D3: =2*B3 - C3 -> 0.16742 | E3: =IF(OR(D3 < -0.000001, C3 < -0.000001), "IMPOSSIBLE", "OK") -> OK | F3: =IFERROR(C3 / (2*B3), 0.5) -> 0.5
A4: 3 | B4: 0.21184 | C4: 0.21184 | D4: =2*B4 - C4 -> 0.21184 | E4: =IF(OR(D4 < -0.000001, C4 < -0.000001), "IMPOSSIBLE", "OK") -> OK | F4: =IFERROR(C4 / (2*B4), 0.5) -> 0.5
A5: 4 | B5: 0.00713 | C5: 0.00713 | D5: =2*B5 - C5 -> 0.00713 | E5: =IF(OR(D5 < -0.000001, C5 < -0.000001), "IMPOSSIBLE", "OK") -> OK | F5: =IFERROR(C5 / (2*B5), 0.5) -> 0.5
A6: 9 | B6: 0.0227 | C6: 0.0227 | D6: =2*B6 - C6 -> 0.0227 | E6: =IF(OR(D6 < -0.000001, C6 < -0.000001), "IMPOSSIBLE", "OK") -> OK | F6: =IFERROR(C6 / (2*B6), 0.5) -> 0.5
A7: 18 | B7: 0.00042 | C7: 0.00042 | D7: =2*B7 - C7 -> 0.00042 | E7: =IF(OR(D7 < -0.000001, C7 < -0.000001), "IMPOSSIBLE", "OK") -> OK | F7: =IFERROR(C7 / (2*B7), 0.5) -> 0.5
A8: 19 | B8: 0.00042 | C8: 0.00042 | D8: =2*B8 - C8 -> 0.00042 | E8: =IF(OR(D8 < -0.000001, C8 < -0.000001), "IMPOSSIBLE", "OK") -> OK | F8: =IFERROR(C8 / (2*B8), 0.5) -> 0.5
A9: 20 | B9: 0.0227 | C9: 0.0227 | D9: =2*B9 - C9 -> 0.0227 | E9: =IF(OR(D9 < -0.000001, C9 < -0.000001), "IMPOSSIBLE", "OK") -> OK | F9: =IFERROR(C9 / (2*B9), 0.5) -> 0.5
A10: 22 | B10: 0.00113 | C10: 0.00113 | D10: =2*B10 - C10 -> 0.00113 | E10: =IF(OR(D10 < -0.000001, C10 < -0.000001), "IMPOSSIBLE", "OK") -> OK | F10: =IFERROR(C10 / (2*B10), 0.5) -> 0.5
A11: 23 | B11: 0.00333 | C11: 0.00333 | D11: =2*B11 - C11 -> 0.00333 | E11: =IF(OR(D11 < -0.000001, C11 < -0.000001), "IMPOSSIBLE", "OK") -> OK | F11: =IFERROR(C11 / (2*B11), 0.5) -> 0.5
A12: 24 | B12: 0.00713 | C12: 0.00713 | D12: =2*B12 - C12 -> 0.00713 | E12: =IF(OR(D12 < -0.000001, C12 < -0.000001), "IMPOSSIBLE", "OK") -> OK | F12: =IFERROR(C12 / (2*B12), 0.5) -> 0.5
A13: 27 | B13: 0.17075 | C13: 0.17075 | D13: =2*B13 - C13 -> 0.17075 | E13: =IF(OR(D13 < -0.000001, C13 < -0.000001), "IMPOSSIBLE", "OK") -> OK | F13: =IFERROR(C13 / (2*B13), 0.5) -> 0.5
A14: 30 | B14: 0.29787 | C14: 0.29787 | D14: =2*B14 - C14 -> 0.29787 | E14: =IF(OR(D14 < -0.000001, C14 < -0.000001), "IMPOSSIBLE", "OK") -> OK | F14: =IFERROR(C14 / (2*B14), 0.5) -> 0.5
